{"1": {"IDs": [286, 470, 462, 266, 102, 174, 318, 430, 149, 195, 189, 567, 566, 116, 359, 568, 487, 551, 453, 69], "Covered": [513, 2, 3, 4, 1029, 7, 1035, 12, 14, 15, 528, 18, 27, 1055, 33, 36, 37, 38, 39, 40, 45, 1073, 1077, 58, 59, 572, 574, 68, 1096, 73, 76, 78, 92, 1116, 1118, 96, 1121, 102, 1129, 1131, 108, 1146, 660, 150, 177, 186, 187, 192, 193, 194, 706, 712, 202, 204, 1228, 209, 221, 223, 224, 738, 235, 771, 774, 268, 785, 798, 293, 806, 811, 812, 813, 814, 817, 844, 847, 858, 881, 370, 374, 901, 401, 404, 923, 946, 439, 952, 463, 470, 1021], "Objective": -0.3286988171, "MinDist": 644.404}, "2": {"IDs": [352, 276, 551, 453, 61, 222, 286, 315, 599, 511, 325, 334, 149, 604, 266, 116, 318, 568, 174, 588], "Covered": [512, 2, 3, 4, 1028, 1029, 1033, 1035, 12, 15, 18, 1047, 27, 1055, 1057, 1058, 1062, 39, 40, 41, 1073, 1074, 1077, 1084, 574, 1090, 1095, 1096, 1098, 587, 594, 1107, 1115, 1116, 1118, 96, 609, 1121, 1127, 616, 1129, 618, 1131, 620, 623, 626, 1141, 630, 1146, 635, 637, 649, 659, 148, 150, 663, 665, 154, 673, 676, 166, 177, 689, 692, 695, 1207, 697, 186, 702, 1214, 193, 194, 707, 1221, 712, 204, 205, 1228, 209, 218, 223, 224, 738, 744, 235, 1261, 771, 774, 778, 268, 785, 791, 798, 293, 806, 807, 811, 812, 813, 814, 817, 828, 850, 857, 347, 349, 350, 357, 364, 365, 876, 380, 894, 391, 909, 910, 401, 913, 404, 927, 426, 427, 942, 439, 465, 493, 508, 1021, 510], "Objective": -0.2525661341, "MinDist": 198.302}, "3": {"IDs": [139, 230, 149, 566, 352, 430, 5, 69, 571, 215, 401, 512, 574, 449, 603, 542, 406, 468, 585, 29], "Covered": [512, 513, 1028, 5, 518, 10, 12, 528, 18, 25, 27, 1055, 1057, 1058, 36, 37, 553, 555, 556, 1073, 1074, 1077, 570, 572, 1084, 1085, 1087, 576, 1089, 1090, 1095, 1098, 1099, 76, 594, 1107, 609, 611, 614, 616, 620, 622, 623, 626, 635, 637, 128, 641, 131, 645, 139, 659, 665, 157, 672, 673, 682, 172, 689, 692, 183, 697, 187, 1213, 702, 1214, 707, 711, 201, 202, 203, 204, 716, 1228, 214, 735, 739, 229, 231, 239, 240, 751, 1267, 245, 248, 250, 251, 255, 257, 259, 809, 299, 300, 828, 843, 847, 857, 858, 893, 400, 912, 915, 923, 931, 952, 465, 474, 483, 493, 503, 508, 509, 510], "Objective": -0.4355904339, "MinDist": 652.523}, "4": {"IDs": [544, 599, 286, 257, 465, 206, 116, 101, 325, 570, 136, 439, 63, 507, 213, 559, 352, 191, 417, 535], "Covered": [513, 2, 3, 5, 7, 521, 10, 1033, 14, 534, 1047, 539, 1055, 33, 36, 37, 39, 551, 554, 1073, 563, 564, 1077, 566, 568, 58, 59, 572, 573, 68, 92, 1116, 1118, 102, 1127, 618, 115, 143, 151, 153, 167, 187, 1213, 194, 712, 202, 203, 714, 1228, 209, 723, 223, 224, 740, 746, 235, 747, 752, 755, 760, 777, 789, 798, 806, 301, 813, 817, 819, 310, 828, 833, 857, 350, 357, 871, 365, 879, 881, 884, 380, 391, 911, 920, 921, 426, 455, 459, 466, 472, 473, 479, 481], "Objective": -0.4658324693, "MinDist": 735.474}, "5": {"IDs": [255, 128, 195, 370, 174, 157, 453, 551, 266, 149, 116, 50, 215, 325, 490, 318, 286, 190, 352, 363], "Covered": [2, 3, 4, 12, 15, 18, 27, 39, 40, 574, 78, 96, 108, 119, 122, 124, 143, 144, 150, 151, 163, 164, 167, 177, 694, 186, 193, 194, 712, 204, 209, 724, 213, 216, 223, 224, 738, 235, 240, 245, 248, 250, 251, 255, 257, 1281, 259, 771, 774, 775, 268, 785, 789, 798, 293, 806, 811, 812, 813, 814, 817, 828, 857, 350, 357, 365, 891, 380, 897, 899, 391, 401, 404, 426, 947, 950, 439], "Objective": -0.2505454082, "MinDist": 127.781}, "6": {"IDs": [228, 334, 379, 209, 149, 201, 116, 211, 406, 215, 314, 132, 318, 174, 286, 551, 352, 266, 325, 127], "Covered": [2, 3, 4, 12, 15, 18, 26, 27, 542, 38, 39, 40, 52, 96, 108, 119, 148, 150, 154, 164, 166, 177, 178, 180, 186, 187, 192, 193, 194, 712, 204, 209, 223, 224, 225, 738, 739, 235, 240, 245, 248, 250, 251, 255, 257, 259, 771, 774, 778, 268, 785, 791, 798, 293, 806, 807, 299, 300, 811, 812, 813, 814, 817, 828, 840, 845, 856, 857, 350, 357, 365, 887, 380, 893, 391, 912, 401, 915, 404, 929, 931, 934, 426, 950, 439], "Objective": -0.2534349728, "MinDist": 371.352}, "7": {"IDs": [318, 116, 507, 325, 258, 149, 551, 567, 266, 352, 329, 458, 440, 174, 286, 575, 443, 46, 585, 605], "Covered": [2, 3, 4, 1028, 7, 521, 12, 14, 15, 18, 27, 33, 1057, 1058, 549, 39, 40, 554, 45, 1074, 563, 568, 58, 59, 1084, 1085, 574, 1087, 1089, 1090, 68, 1095, 73, 585, 1098, 1099, 1107, 87, 92, 96, 609, 611, 102, 614, 616, 620, 623, 626, 628, 121, 635, 138, 150, 155, 168, 170, 682, 177, 186, 1214, 193, 194, 712, 204, 209, 210, 733, 223, 224, 738, 235, 771, 774, 777, 268, 785, 789, 798, 293, 806, 811, 812, 301, 813, 814, 817, 820, 310, 828, 857, 350, 355, 357, 364, 365, 370, 374, 380, 381, 391, 393, 401, 404, 426, 949, 439, 455, 459, 466, 467, 469, 472, 473, 474, 481, 483, 503], "Objective": -0.2683174632, "MinDist": 585.029}, "8": {"IDs": [174, 340, 551, 142, 329, 445, 266, 352, 102, 15, 195, 438, 149, 286, 116, 508, 566, 318, 441, 567], "Covered": [2, 3, 4, 7, 521, 12, 14, 15, 18, 27, 33, 36, 37, 38, 39, 40, 554, 45, 563, 568, 58, 59, 68, 73, 76, 92, 96, 102, 108, 121, 138, 150, 155, 168, 170, 177, 186, 187, 192, 193, 194, 711, 712, 202, 204, 716, 717, 209, 210, 731, 221, 223, 224, 738, 235, 759, 762, 763, 766, 771, 774, 268, 785, 798, 293, 806, 811, 812, 301, 813, 814, 817, 819, 310, 822, 828, 857, 370, 374, 401, 404, 926, 439, 459, 466, 472, 473, 481], "Objective": -0.2829462224, "MinDist": 586.596}, "9": {"IDs": [215, 551, 583, 255, 149, 430, 132, 116, 481, 598, 403, 286, 439, 174, 266, 131, 318, 352, 325, 496], "Covered": [513, 2, 3, 4, 514, 521, 1033, 12, 15, 528, 1040, 18, 1041, 1047, 27, 39, 40, 556, 570, 572, 1085, 1087, 576, 1089, 1095, 586, 1098, 1099, 1103, 1105, 1106, 1107, 597, 1111, 604, 605, 96, 610, 611, 614, 1126, 1127, 617, 618, 619, 1133, 622, 623, 626, 1138, 629, 631, 119, 1144, 1146, 635, 641, 654, 143, 660, 661, 150, 151, 674, 164, 167, 177, 186, 193, 194, 706, 712, 204, 1231, 209, 223, 224, 738, 235, 240, 245, 248, 250, 251, 255, 257, 259, 771, 774, 775, 268, 785, 789, 798, 293, 806, 811, 812, 301, 813, 814, 817, 828, 857, 350, 357, 365, 891, 380, 391, 903, 401, 404, 426, 947, 950, 439, 485, 494, 496], "Objective": -0.2636693283, "MinDist": 502.15}, "10": {"IDs": [451, 401, 230, 266, 407, 318, 415, 352, 490, 557, 116, 174, 566, 551, 149, 157, 325, 286, 23, 411], "Covered": [2, 3, 4, 518, 12, 15, 18, 27, 39, 40, 553, 555, 556, 570, 576, 69, 76, 96, 107, 122, 124, 144, 150, 163, 177, 694, 186, 193, 194, 712, 204, 209, 213, 216, 223, 224, 738, 739, 235, 751, 771, 774, 268, 785, 798, 293, 806, 811, 812, 813, 814, 305, 817, 828, 843, 844, 345, 857, 350, 351, 357, 365, 881, 372, 884, 376, 380, 893, 386, 391, 912, 401, 915, 404, 931, 426, 946, 439, 509], "Objective": -0.2533282458, "MinDist": 242.346}, "11": {"IDs": [439, 142, 567, 220, 536, 568, 198, 102, 131, 608, 574, 215, 401, 149, 588, 560, 63, 325, 174, 352], "Covered": [515, 1029, 518, 7, 521, 1035, 12, 13, 14, 1021, 18, 27, 539, 1053, 1055, 33, 1058, 36, 37, 38, 551, 555, 556, 45, 1070, 1073, 564, 1077, 566, 1081, 58, 59, 570, 573, 1084, 64, 576, 66, 1090, 68, 1095, 1096, 73, 1098, 587, 80, 1107, 91, 92, 1115, 1116, 1118, 609, 1121, 102, 616, 1129, 1131, 620, 623, 112, 626, 117, 118, 630, 1141, 1146, 635, 127, 645, 649, 663, 672, 682, 695, 1207, 187, 192, 1216, 1220, 1221, 711, 202, 204, 716, 1228, 1235, 221, 1256, 746, 1261, 240, 752, 245, 248, 760, 250, 251, 762, 255, 257, 259, 268, 293, 301, 828, 838, 840, 845, 850, 856, 857, 350, 868, 357, 365, 370, 374, 891, 380, 391, 903, 911, 401, 404, 920, 921, 926, 934, 935, 426, 942, 947, 950, 439, 474, 479, 483, 489, 503, 509], "Objective": -0.3951775055, "MinDist": 649.024}}