{"1": {"IDs": [531, 62, 366, 478, 270, 47, 484, 461, 286, 315, 149, 293, 135, 127, 197, 551, 142, 89, 305, 352, 185, 157, 469, 283, 104, 68, 362, 174, 328, 491, 183, 53, 333, 442, 209, 243, 266, 318, 314, 116], "Covered": [0, 2, 3, 4, 5, 514, 12, 15, 18, 26, 27, 542, 36, 37, 39, 40, 41, 42, 52, 64, 1088, 66, 586, 588, 1103, 80, 593, 596, 597, 1109, 600, 91, 604, 605, 96, 618, 619, 108, 1135, 112, 625, 117, 118, 119, 121, 122, 124, 134, 646, 648, 649, 138, 650, 652, 654, 144, 146, 148, 661, 150, 663, 154, 156, 161, 674, 163, 164, 166, 678, 171, 688, 177, 178, 180, 695, 186, 187, 191, 193, 194, 706, 710, 711, 712, 713, 202, 203, 204, 205, 716, 719, 720, 209, 210, 723, 213, 216, 729, 218, 219, 221, 223, 224, 225, 736, 738, 740, 743, 233, 745, 235, 746, 237, 747, 748, 752, 755, 756, 760, 762, 764, 766, 767, 769, 771, 774, 778, 268, 780, 783, 785, 791, 794, 798, 800, 803, 804, 293, 806, 807, 811, 812, 813, 814, 815, 817, 822, 828, 840, 845, 847, 856, 857, 355, 382, 393, 905, 911, 401, 913, 404, 918, 920, 921, 923, 926, 934, 425, 949, 950, 439, 951, 952, 485, 489, 492, 494, 496], "Objective": -0.3874984768, "MinDist": 151.056}, "2": {"IDs": [128, 511, 490, 443, 47, 276, 190, 427, 68, 551, 362, 56, 13, 608, 469, 385, 436, 517, 40, 531, 484, 464, 240, 62, 231, 318, 272, 7, 487, 556, 174, 255, 202, 224, 446, 292, 565, 266, 211, 149], "Covered": [512, 4, 517, 12, 524, 526, 15, 527, 528, 18, 530, 531, 27, 1053, 30, 542, 544, 545, 546, 1058, 38, 40, 558, 1070, 562, 565, 567, 1081, 60, 572, 1088, 577, 586, 78, 594, 1109, 86, 1116, 96, 109, 625, 119, 637, 641, 646, 136, 650, 652, 143, 659, 660, 150, 151, 665, 154, 161, 673, 164, 676, 167, 685, 177, 689, 692, 694, 1207, 697, 186, 187, 188, 702, 192, 193, 706, 707, 708, 1216, 1220, 1221, 204, 1235, 736, 738, 1256, 746, 236, 1261, 750, 751, 752, 757, 764, 768, 771, 774, 775, 268, 780, 785, 789, 794, 800, 293, 807, 808, 811, 812, 814, 822, 838, 840, 845, 847, 856, 347, 860, 349, 865, 355, 868, 364, 880, 377, 891, 893, 382, 901, 393, 905, 911, 400, 401, 912, 913, 404, 405, 915, 918, 919, 920, 921, 411, 923, 929, 931, 934, 425, 938, 427, 947, 949, 950, 439, 951, 952, 444, 445, 452, 463, 465, 470, 489, 492, 493, 508, 510], "Objective": -0.5728118087, "MinDist": 357.487}, "3": {"IDs": [566, 5, 597, 362, 16, 92, 423, 65, 551, 209, 315, 563, 120, 33, 116, 522, 325, 113, 345, 133, 71, 206, 466, 196, 424, 320, 157, 149, 124, 274, 352, 452, 451, 456, 496, 443, 286, 312, 208, 144], "Covered": [1, 2, 3, 4, 12, 526, 15, 1040, 1041, 18, 530, 1047, 26, 27, 540, 545, 546, 549, 39, 41, 553, 52, 60, 61, 574, 70, 76, 1103, 1105, 82, 597, 86, 1111, 604, 96, 97, 610, 1126, 1127, 105, 618, 619, 108, 1133, 622, 1138, 629, 120, 1144, 122, 1146, 124, 641, 131, 133, 144, 146, 148, 149, 151, 163, 164, 172, 176, 179, 186, 188, 193, 194, 712, 715, 204, 205, 716, 718, 209, 724, 213, 216, 218, 221, 223, 224, 738, 740, 741, 743, 233, 746, 235, 236, 747, 749, 752, 754, 758, 760, 761, 762, 763, 766, 770, 771, 781, 784, 786, 788, 796, 798, 801, 806, 811, 812, 813, 814, 817, 818, 823, 824, 828, 838, 843, 845, 847, 342, 857, 858, 350, 868, 357, 365, 377, 378, 891, 380, 896, 900, 391, 905, 907, 911, 400, 920, 921, 923, 426, 427, 431, 437, 949, 952, 445, 467, 469, 478, 482], "Objective": -0.4517327237, "MinDist": 267.628}, "4": {"IDs": [551, 479, 272, 100, 467, 561, 572, 440, 79, 144, 215, 178, 452, 128, 238, 68, 185, 300, 286, 587, 306, 12, 206, 427, 157, 413, 270, 315, 455, 578, 423, 58, 116, 494, 51, 420, 174, 398, 211, 149], "Covered": [0, 2, 3, 4, 5, 514, 518, 521, 12, 524, 526, 528, 18, 19, 530, 534, 26, 27, 540, 545, 546, 549, 38, 39, 41, 555, 558, 51, 572, 1084, 62, 574, 576, 1085, 1090, 581, 1095, 585, 1098, 587, 1099, 1103, 1106, 1107, 596, 597, 1111, 1114, 604, 609, 610, 101, 614, 616, 618, 107, 108, 619, 620, 622, 623, 1133, 626, 1138, 628, 629, 630, 631, 1139, 1144, 122, 635, 124, 127, 641, 131, 654, 144, 148, 674, 163, 678, 682, 172, 688, 180, 186, 187, 192, 193, 194, 712, 713, 204, 205, 716, 719, 720, 209, 213, 727, 216, 218, 732, 734, 223, 224, 225, 736, 738, 746, 235, 240, 752, 756, 245, 248, 760, 250, 251, 762, 765, 255, 257, 259, 771, 268, 781, 783, 784, 796, 798, 800, 801, 803, 804, 293, 806, 811, 812, 301, 813, 814, 815, 816, 817, 821, 823, 824, 838, 842, 844, 845, 847, 850, 856, 857, 860, 350, 865, 868, 872, 876, 881, 884, 885, 891, 382, 392, 905, 911, 401, 913, 404, 405, 918, 919, 921, 411, 923, 927, 935, 942, 945, 946, 947, 950, 439, 951, 952, 443, 444, 445, 458, 469, 474, 483, 485, 494, 496, 503], "Objective": -0.5073986265, "MinDist": 305.79}, "5": {"IDs": [283, 352, 270, 38, 469, 562, 345, 433, 565, 318, 23, 275, 380, 92, 174, 582, 493, 312, 336, 286, 116, 149, 197, 423, 315, 29, 346, 266, 68, 16, 157, 522, 551, 442, 214, 240, 503, 581, 47, 353], "Covered": [2, 3, 4, 5, 10, 12, 15, 18, 25, 537, 27, 30, 542, 36, 37, 39, 40, 41, 568, 60, 61, 1085, 1087, 64, 1089, 66, 69, 581, 1095, 585, 1099, 588, 1103, 80, 1106, 596, 597, 86, 600, 1114, 91, 604, 96, 97, 611, 614, 617, 107, 619, 109, 1133, 112, 626, 1138, 628, 117, 118, 631, 120, 121, 122, 1144, 124, 131, 133, 136, 144, 146, 148, 150, 151, 152, 155, 156, 163, 164, 170, 171, 172, 688, 177, 178, 179, 186, 187, 188, 191, 193, 194, 712, 713, 202, 203, 204, 205, 715, 718, 719, 209, 210, 213, 216, 218, 221, 734, 223, 224, 225, 738, 233, 746, 235, 236, 754, 756, 757, 758, 763, 1280, 771, 774, 778, 268, 781, 783, 784, 785, 788, 791, 796, 798, 801, 803, 804, 293, 806, 811, 812, 813, 814, 815, 817, 821, 310, 823, 824, 828, 838, 840, 845, 847, 856, 345, 857, 349, 351, 355, 868, 368, 372, 887, 376, 378, 893, 382, 386, 393, 905, 911, 401, 404, 918, 919, 921, 923, 931, 934, 425, 427, 943, 432, 437, 949, 439, 951, 952], "Objective": -0.383315496, "MinDist": 106.348}, "6": {"IDs": [325, 390, 593, 491, 130, 406, 315, 554, 116, 337, 303, 439, 487, 608, 157, 275, 509, 292, 583, 611, 545, 149, 352, 286, 404, 368, 371, 18, 8, 587, 197, 454, 345, 209, 446, 234, 270, 127, 599, 141], "Covered": [2, 3, 4, 514, 6, 521, 1033, 11, 12, 18, 1047, 26, 27, 1053, 542, 33, 1058, 39, 41, 554, 556, 1070, 563, 52, 568, 1081, 58, 570, 1084, 1085, 574, 1087, 64, 1088, 66, 1089, 1090, 1095, 586, 587, 588, 1098, 1099, 1103, 80, 593, 1106, 1107, 596, 597, 600, 91, 604, 605, 608, 609, 611, 614, 1127, 616, 617, 618, 619, 108, 620, 1128, 623, 112, 1135, 626, 117, 118, 630, 631, 122, 635, 124, 640, 648, 649, 139, 654, 144, 148, 660, 663, 154, 161, 163, 688, 183, 695, 1207, 186, 699, 1216, 193, 194, 706, 1220, 1221, 199, 711, 201, 712, 713, 204, 205, 715, 716, 718, 209, 719, 720, 1235, 213, 216, 729, 218, 731, 223, 224, 736, 739, 231, 743, 745, 746, 235, 748, 1256, 1261, 751, 752, 754, 756, 758, 760, 763, 764, 768, 769, 1281, 771, 778, 783, 788, 794, 798, 803, 804, 806, 807, 809, 299, 300, 301, 811, 813, 814, 815, 817, 821, 828, 833, 835, 836, 840, 842, 845, 856, 345, 346, 857, 349, 350, 357, 365, 879, 368, 885, 379, 380, 891, 893, 894, 895, 897, 899, 391, 903, 905, 910, 911, 920, 921, 934, 426, 427, 938, 432, 947, 437, 950, 951, 444, 452, 459, 463, 470, 472, 473, 481, 485, 494, 496, 1023], "Objective": -0.4940207932, "MinDist": 289.144}, "7": {"IDs": [83, 295, 286, 113, 345, 101, 104, 318, 18, 566, 270, 455, 353, 352, 154, 479, 333, 215, 444, 149, 371, 227, 96, 33, 157, 266, 255, 124, 195, 174, 142, 132, 250, 325, 476, 209, 492, 116, 67, 39],