{"1": {"IDs": [257, 209, 142, 260, 23, 311, 551, 282, 561, 135, 453, 203, 79, 157, 466, 240, 526, 33, 217, 419, 507, 318, 357, 177, 238, 389, 149, 100, 352, 398, 196, 609, 511, 116, 120, 347, 461, 289, 563, 266], "Covered": [512, 1, 3, 4, 518, 12, 15, 16, 18, 534, 26, 27, 1053, 542, 40, 554, 555, 1070, 563, 52, 568, 61, 62, 574, 576, 69, 593, 594, 87, 96, 98, 105, 107, 108, 120, 122, 123, 124, 637, 127, 136, 648, 649, 143, 144, 659, 148, 150, 151, 663, 153, 154, 665, 673, 163, 164, 676, 166, 167, 177, 178, 689, 692, 695, 1207, 697, 186, 188, 702, 1216, 193, 707, 1220, 711, 712, 1224, 715, 204, 716, 718, 719, 723, 724, 213, 1235, 727, 216, 732, 224, 738, 740, 743, 1256, 746, 747, 236, 749, 1265, 754, 755, 757, 758, 762, 767, 770, 771, 261, 774, 776, 777, 785, 788, 789, 790, 792, 798, 804, 806, 811, 812, 813, 814, 816, 817, 819, 820, 310, 828, 836, 838, 840, 842, 845, 850, 856, 345, 857, 351, 868, 872, 876, 372, 885, 887, 376, 381, 382, 386, 901, 393, 905, 911, 919, 920, 921, 926, 927, 934, 935, 942, 945, 455, 459, 465, 466, 472, 473, 478, 481, 493, 508, 510], "Objective": -0.4527630064, "MinDist": 299.715}, "2": {"IDs": [439, 419, 389, 398, 563, 266, 149, 530, 283, 257, 230, 592, 23, 275, 511, 357, 423, 13, 203, 292, 108, 196, 325, 116, 29, 468, 561, 343, 352, 609, 248, 174, 613, 240, 336, 489, 551, 72, 243, 54], "Covered": [512, 3, 1028, 5, 518, 521, 10, 12, 18, 534, 25, 27, 1053, 542, 36, 37, 1062, 42, 555, 1070, 1084, 576, 1088, 69, 1098, 587, 588, 593, 594, 596, 597, 600, 1115, 605, 608, 616, 107, 108, 630, 120, 637, 127, 131, 133, 646, 136, 137, 138, 648, 649, 650, 652, 143, 146, 659, 150, 151, 152, 153, 154, 155, 663, 665, 667, 161, 673, 676, 166, 167, 170, 172, 177, 178, 689, 180, 692, 695, 1207, 697, 187, 188, 699, 702, 191, 1216, 706, 707, 1220, 712, 1224, 202, 203, 204, 717, 719, 1235, 219, 733, 734, 224, 736, 738, 1256, 746, 235, 236, 237, 751, 753, 1265, 758, 763, 766, 771, 774, 777, 778, 268, 781, 784, 785, 789, 791, 794, 796, 798, 801, 293, 806, 807, 811, 812, 301, 813, 814, 817, 819, 821, 822, 823, 824, 828, 831, 832, 836, 838, 840, 842, 845, 847, 856, 345, 857, 349, 350, 351, 868, 357, 872, 876, 365, 368, 372, 885, 887, 376, 380, 893, 386, 898, 902, 391, 905, 911, 912, 401, 915, 404, 920, 921, 923, 927, 931, 933, 934, 426, 427, 432, 437, 439, 952, 444, 465, 476, 492, 493, 508, 510, 1023], "Objective": -0.4729789078, "MinDist": 303.037}, "3": {"IDs": [318, 157, 325, 551, 439, 25, 164, 11, 337, 149, 211, 457, 266, 286, 472, 413, 545, 98, 367, 174, 32, 237, 468, 352, 490, 315, 300, 91, 3, 502, 424, 261, 423, 333, 434, 452, 116, 108, 133, 72], "Covered": [0, 1, 2, 3, 4, 5, 6, 520, 521, 11, 12, 525, 526, 15, 18, 19, 530, 534, 537, 27, 539, 540, 542, 33, 545, 546, 548, 37, 38, 39, 40, 41, 51, 58, 578, 96, 101, 105, 107, 121, 122, 124, 131, 133, 136, 649, 139, 144, 146, 148, 150, 663, 154, 155, 156, 163, 166, 170, 171, 172, 177, 178, 694, 183, 186, 187, 192, 193, 194, 199, 712, 201, 202, 204, 205, 718, 720, 209, 213, 216, 729, 218, 219, 731, 732, 223, 224, 738, 740, 231, 743, 233, 745, 235, 747, 748, 751, 761, 769, 771, 774, 776, 777, 778, 268, 781, 784, 785, 788, 790, 791, 792, 796, 798, 801, 293, 806, 807, 811, 812, 301, 813, 814, 817, 820, 821, 823, 824, 828, 831, 832, 833, 838, 844, 845, 847, 857, 350, 868, 357, 871, 872, 365, 879, 881, 884, 887, 891, 380, 893, 894, 898, 902, 391, 907, 400, 401, 404, 405, 411, 923, 933, 426, 942, 946, 439, 952, 444, 445, 458], "Objective": -0.4018395071, "MinDist": 198.302}, "4": {"IDs": [217, 44, 228, 211, 483, 212, 380, 474, 352, 270, 5, 307, 149, 142, 439, 318, 477, 419, 436, 538, 202, 266, 575, 337, 286, 174, 116, 33, 235, 282, 49, 325, 591, 288, 512, 136, 551, 110, 52, 567], "Covered": [512, 1, 2, 3, 4, 514, 7, 521, 12, 14, 15, 16, 18, 27, 33, 36, 38, 39, 40, 45, 58, 59, 1084, 61, 1088, 1090, 68, 73, 585, 586, 587, 1098, 593, 594, 1109, 86, 1115, 92, 96, 608, 98, 102, 616, 105, 620, 622, 624, 628, 630, 123, 637, 128, 640, 641, 131, 132, 136, 648, 649, 654, 659, 149, 150, 661, 663, 665, 154, 157, 673, 674, 166, 678, 680, 682, 172, 177, 689, 692, 695, 697, 186, 187, 699, 702, 192, 193, 194, 706, 707, 711, 712, 713, 714, 204, 716, 719, 720, 209, 723, 731, 221, 734, 223, 224, 738, 740, 229, 235, 747, 755, 756, 762, 765, 766, 771, 261, 774, 778, 268, 781, 783, 784, 785, 786, 788, 798, 803, 804, 293, 806, 811, 812, 301, 813, 814, 815, 817, 821, 822, 824, 828, 842, 857, 349, 350, 355, 357, 872, 876, 365, 370, 885, 374, 887, 380, 893, 382, 894, 391, 392, 393, 910, 400, 401, 912, 915, 404, 926, 927, 931, 426, 439, 443, 458, 465, 474, 483, 485, 493, 494, 496, 503, 508, 509, 510], "Objective": -0.4064815491, "MinDist": 202.539}, "5": {"IDs": [2, 200, 445, 496, 466, 252, 595, 563, 211, 243, 325, 33, 545, 320, 240, 116, 154, 257, 296, 432, 104, 283, 318, 213, 286, 479, 302, 391, 423, 266, 551, 149, 272, 174, 352, 605, 18, 264, 6, 270], "Covered": [0, 1, 2, 3, 4, 5, 6, 513, 514, 1028, 1033, 11, 12, 15, 1040, 1041, 18, 19, 1047, 27, 542, 33, 1057, 1058, 36, 37, 38, 39, 40, 42, 1074, 51, 58, 60, 572, 70, 1103, 1105, 82, 597, 1111, 604, 96, 610, 101, 1126, 1127, 105, 618, 107, 619, 1133, 622, 1138, 117, 629, 120, 121, 122, 1144, 124, 1146, 641, 131, 134, 136, 138, 139, 654, 143, 144, 146, 148, 150, 151, 153, 156, 674, 164, 678, 167, 171, 172, 177, 178, 180, 183, 186, 187, 188, 1214, 191, 192, 193, 194, 199, 712, 201, 202, 203, 204, 713, 719, 209, 210, 727, 732, 221, 223, 224, 225, 736, 738, 231, 746, 235, 236, 237, 756, 771, 774, 777, 268, 781, 783, 784, 785, 788, 789, 796, 798, 801, 803, 804, 293, 806, 811, 812, 813, 814, 815, 816, 817, 819, 823, 824, 828, 833, 835, 836, 838, 840, 845, 342, 856, 345, 346, 857, 350, 868, 357, 365, 879, 377, 379, 380, 895, 391, 905, 911, 400, 401, 913, 404, 405, 920, 921, 411, 934, 426, 431, 439, 445, 452, 478, 485, 494, 496], "Objective": -0.3672912491, "MinDist": 189.299}, "6": {"IDs": [611, 497, 264, 383, 325, 257, 217, 206, 340, 333, 318, 211, 170, 177, 572, 419, 366, 402, 132, 149, 600, 352, 510, 157, 34, 40, 130, 300, 562, 135, 307, 589, 311, 203, 489, 450, 443, 357, 427, 389], "Covered": [0, 1, 512, 4, 5, 517, 1033, 12, 524, 526, 15, 527, 528, 18, 19, 531, 530, 1040, 1041, 1047, 538, 27, 544, 545, 546, 38, 40, 553, 556, 558, 1071, 1129, 562, 51, 565, 567, 570, 60, 572, 62, 1084, 1088, 577, 1090, 1095, 586, 587, 588, 1098, 1099, 1105, 1107, 596, 597, 86, 1111, 600, 1115, 604, 605, 1116, 96, 608, 609, 610, 101, 1126, 1127, 616, 105, 618, 107, 619, 109, 620, 622, 623, 1128, 626, 1133, 1138, 629, 630, 1141, 120, 1144, 122, 635, 124, 637, 1146, 641, 136, 648, 649, 654, 143, 144, 659, 148, 151, 663, 153, 154, 665, 667, 673, 163, 164, 166, 167, 689, 178, 692, 695, 697, 186, 187, 702, 192, 193, 706, 707, 710, 712, 204, 717, 719, 720, 1231, 723, 213, 727, 216, 729, 731, 732, 734, 740, 743, 745, 746, 747, 236, 748, 755, 759, 763, 765, 767, 769, 261, 777, 778, 788, 789, 791, 807, 816, 819, 821, 828, 836, 842, 843, 857, 860, 350, 865, 868, 357, 872, 876, 365, 880, 885, 887, 377, 891, 380, 382, 391, 903, 905, 911, 401, 920, 921, 927, 425, 426, 947, 949, 950, 439, 443, 458, 465, 474, 483, 493, 496, 503, 508, 510, 1023], "Objective": -0.5713634704, "MinDist": 310.927}, "7": {"IDs": [452, 72, 142, 91, 274, 407, 149, 427, 600, 352, 215, 157, 414, 111, 474, 127, 300, 202, 375, 217, 609, 159, 421, 383, 556, 7, 123, 551, 320, 465, 583, 286, 52, 485, 565, 257, 3, 243, 108, 32],