{"1": {"IDs": [387, 128, 135, 270, 610, 99, 248, 54, 33, 481, 560, 216, 282, 44, 541, 170, 157, 352, 406, 14, 295, 272, 566, 108, 257, 490, 535, 209, 325, 116, 17, 602, 510, 466, 215, 315, 242, 132, 551, 344], "Covered": [512, 1, 513, 3, 4, 514, 16, 26, 539, 1057, 1062, 551, 41, 42, 1070, 1074, 52, 564, 566, 572, 61, 573, 586, 76, 86, 605, 98, 105, 108, 120, 122, 124, 637, 127, 128, 133, 137, 138, 139, 143, 144, 146, 659, 148, 660, 150, 151, 661, 153, 665, 155, 157, 673, 163, 166, 167, 170, 172, 177, 689, 692, 1205, 694, 183, 1207, 697, 186, 702, 1216, 193, 706, 707, 1220, 712, 201, 713, 715, 1224, 205, 718, 719, 1231, 721, 723, 1235, 213, 214, 216, 218, 219, 224, 736, 738, 739, 740, 229, 231, 743, 1256, 235, 747, 237, 239, 240, 1265, 754, 755, 756, 245, 758, 248, 250, 251, 763, 766, 255, 767, 257, 259, 771, 777, 780, 783, 789, 794, 798, 800, 803, 804, 293, 806, 808, 299, 300, 811, 812, 813, 814, 815, 817, 819, 822, 828, 345, 346, 857, 348, 349, 350, 357, 362, 365, 379, 380, 891, 391, 393, 401, 405, 411, 425, 426, 947, 950, 439, 443, 445, 463, 465, 470, 478, 479, 485, 493, 494, 504, 508, 510, 1023], "Objective": -0.5776124615, "MinDist": 318.779}, "2": {"IDs": [209, 283, 439, 341, 199, 595, 527, 585, 275, 352, 126, 399, 17, 508, 502, 300, 370, 261, 205, 116, 320, 602, 551, 412, 169, 531, 459, 469, 325, 272, 473, 452, 486, 107, 149, 513, 362, 211, 227, 496], "Covered": [0, 512, 514, 3, 5, 518, 521, 1033, 12, 1040, 1041, 18, 19, 534, 1047, 537, 26, 27, 540, 1023, 1057, 549, 38, 1062, 554, 555, 1074, 51, 52, 563, 568, 60, 1084, 1085, 1087, 576, 1089, 1090, 70, 1095, 1098, 1099, 1103, 1105, 82, 594, 1107, 597, 87, 1111, 604, 609, 610, 611, 101, 614, 1126, 616, 1127, 618, 107, 108, 619, 620, 622, 623, 625, 626, 1133, 1138, 117, 629, 1144, 121, 1146, 635, 637, 641, 133, 646, 136, 650, 652, 146, 659, 660, 661, 150, 665, 156, 673, 678, 171, 685, 177, 178, 689, 692, 697, 187, 702, 191, 192, 706, 707, 708, 712, 713, 204, 717, 718, 719, 1231, 215, 219, 731, 732, 738, 227, 228, 741, 756, 759, 763, 1281, 771, 776, 777, 790, 792, 798, 803, 806, 811, 812, 301, 813, 814, 817, 819, 820, 310, 828, 844, 342, 345, 346, 857, 349, 350, 355, 357, 872, 365, 368, 881, 884, 887, 377, 379, 380, 381, 382, 896, 897, 899, 391, 392, 401, 915, 405, 411, 426, 427, 432, 946, 437, 443, 445, 458, 459, 463, 465, 466, 467, 469, 470, 472, 473, 474, 481, 482, 483, 485, 489, 492, 493, 494, 504, 505, 508, 511], "Objective": -0.5259087468, "MinDist": 316.066}, "3": {"IDs": [140, 491, 581, 135, 296, 600, 606, 211, 360, 149, 366, 272, 45, 459, 300, 169, 192, 352, 275, 116, 196, 311, 33, 551, 240, 217, 174, 481, 121, 539, 527, 452, 257, 70, 325, 585, 157, 469, 399, 283], "Covered": [0, 1, 1024, 3, 5, 518, 1033, 12, 18, 19, 534, 27, 540, 542, 1057, 1058, 549, 38, 555, 1074, 51, 1084, 1085, 1087, 576, 1089, 1090, 581, 1095, 585, 586, 1098, 588, 1099, 1103, 1106, 1107, 596, 597, 87, 600, 1114, 604, 605, 609, 611, 101, 614, 616, 105, 617, 107, 108, 619, 620, 623, 1135, 626, 628, 631, 120, 122, 635, 124, 128, 131, 139, 143, 144, 148, 660, 661, 151, 153, 157, 163, 164, 167, 172, 688, 1207, 1208, 187, 1214, 191, 192, 706, 1221, 710, 712, 204, 719, 1231, 723, 724, 213, 216, 729, 736, 738, 740, 229, 741, 743, 744, 745, 1253, 747, 748, 749, 1261, 755, 767, 769, 770, 771, 261, 777, 268, 781, 784, 788, 789, 796, 798, 293, 806, 811, 812, 813, 814, 817, 819, 824, 828, 838, 840, 845, 847, 856, 857, 858, 349, 350, 355, 868, 357, 364, 365, 368, 380, 381, 382, 897, 899, 900, 391, 392, 393, 909, 401, 913, 404, 405, 916, 411, 923, 934, 426, 427, 432, 437, 439, 951, 952, 443, 445, 467, 469, 482, 505, 511], "Objective": -0.4693652088, "MinDist": 262.632}, "4": {"IDs": [128, 481, 254, 266, 258, 432, 290, 448, 33, 153, 397, 91, 334, 215, 452, 373, 491, 409, 338, 528, 309, 471, 142, 197, 25, 585, 50, 120, 206, 535, 96, 442, 282, 114, 276, 55, 551, 220, 72, 182], "Covered": [0, 1, 513, 3, 518, 520, 524, 16, 534, 26, 27, 539, 540, 37, 551, 42, 558, 561, 52, 564, 566, 572, 61, 62, 573, 64, 576, 66, 1084, 1085, 1087, 1089, 1090, 1095, 586, 1098, 588, 1099, 1103, 80, 1107, 596, 597, 87, 600, 91, 604, 605, 609, 98, 611, 614, 616, 105, 619, 108, 620, 623, 112, 1135, 626, 117, 118, 119, 121, 123, 635, 138, 146, 660, 149, 150, 151, 152, 661, 154, 155, 156, 164, 166, 171, 176, 177, 178, 688, 180, 706, 711, 712, 202, 716, 717, 210, 724, 219, 731, 733, 224, 738, 739, 233, 749, 240, 245, 248, 250, 251, 762, 765, 255, 257, 770, 259, 771, 1281, 774, 775, 777, 778, 268, 785, 786, 788, 789, 791, 806, 807, 299, 300, 811, 812, 813, 814, 818, 820, 821, 822, 827, 831, 832, 838, 840, 843, 845, 847, 850, 856, 347, 349, 355, 868, 364, 891, 381, 382, 897, 898, 899, 902, 404, 923, 926, 929, 931, 933, 934, 935, 938, 427, 942, 946, 947, 949, 950, 952, 476, 479, 492], "Objective": -0.7322051729, "MinDist": 318.936}, "5": {"IDs": [509, 209, 352, 149, 222, 359, 111, 116, 174, 191, 545, 323, 517, 33, 498, 29, 314, 318, 140, 54, 210, 446, 125, 551, 335, 157, 453, 97, 371, 190, 270, 266, 473, 261, 568, 307, 128, 276, 131, 283], "Covered": [1, 3, 4, 5, 6, 1029, 1031, 10, 11, 12, 525, 1035, 15, 1040, 1041, 18, 534, 25, 26, 27, 539, 1055, 33, 36, 37, 548, 40, 554, 1073, 563, 52, 1077, 568, 58, 574, 64, 66, 578, 70, 1096, 78, 1105, 82, 594, 84, 1111, 91, 604, 1116, 1118, 96, 1121, 610, 1126, 105, 1129, 1131, 108, 1133, 622, 1138, 117, 118, 119, 629, 122, 1146, 124, 637, 641, 132, 139, 144, 148, 149, 150, 152, 155, 163, 164, 170, 685, 177, 689, 692, 183, 697, 186, 187, 191, 193, 707, 708, 199, 712, 201, 202, 203, 204, 713, 718, 719, 720, 1228, 213, 216, 732, 734, 738, 741, 231, 744, 756, 765, 766, 1281, 771, 774, 776, 777, 778, 268, 783, 785, 786, 790, 791, 792, 796, 798, 803, 804, 293, 806, 811, 812, 813, 814, 815, 817, 820, 821, 822, 824, 828, 838, 845, 850, 342, 857, 347, 349, 353, 868, 357, 364, 365, 876, 891, 380, 894, 896, 897, 899, 389, 901, 391, 903, 909, 910, 401, 404, 927, 938, 427, 942, 947, 950, 439, 458, 459, 472, 473, 474, 481, 483, 1021], "Objective": -0.4250988055, "MinDist": 252.886}, "6": {"IDs": [98, 206, 568, 509, 338, 209, 254, 448, 261, 195, 368, 190, 420, 19, 523, 174, 393, 286, 108, 473, 270, 273, 438, 551, 39, 315, 90, 430, 149, 131, 510, 600, 116, 104, 484, 585, 360, 352, 384, 471], "Covered": [0, 512, 2, 3, 4, 5, 513, 517, 520, 1029, 1033, 1035, 12, 525, 15, 527, 528, 18, 19, 530, 531, 534, 26, 27, 538, 539, 542, 1055, 544, 36, 37, 548, 39, 41, 554, 1073, 562, 563, 52, 565, 1077, 567, 568, 60, 61, 572, 1084, 1085, 577, 578, 1087, 1088, 1089, 70, 1090, 1095, 1096, 586, 1098, 1099, 78, 82, 1107, 1109, 86, 1116, 1118, 96, 97, 609, 611, 1121, 614, 616, 1129, 1131, 108, 109, 620, 623, 626, 119, 1146, 635, 637, 133, 134, 146, 659, 148, 150, 151, 665, 673, 164, 177, 689, 692, 697, 186, 187, 702, 193, 194, 706, 707, 712, 713, 202, 203, 204, 205, 717, 718, 719, 209, 1228, 1231, 729, 218, 219, 731, 221, 732, 223, 224, 738, 233, 745, 235, 748, 751, 756, 765, 766, 769, 771, 775, 776, 777, 268, 783, 789, 790, 792, 798, 803, 804, 293, 806, 811, 812, 813, 814, 815, 817, 820, 821, 822, 828, 833, 836, 838, 842, 843, 845, 851, 342, 345, 857, 860, 871, 872, 876, 879, 880, 885, 376, 377, 891, 893, 897, 899, 903, 400, 401, 404, 405, 916, 411, 927, 936, 938, 427, 431, 947, 437, 950, 439, 445, 458, 459, 465, 472, 473, 474, 481, 483, 493, 508, 1021, 510], "Objective": -0.4764587759, "MinDist": 265.259}, "7": {"IDs": [199, 234, 365, 593, 286, 449, 157, 544, 325, 112, 81, 368, 387, 135, 585, 568, 275, 149, 425, 352, 551, 562, 371, 212, 33, 607, 45, 391, 209, 469, 203, 341, 270, 599, 120, 468, 314, 63, 318, 419],