{"1": {"IDs": [352, 484, 9, 249, 255, 199, 513, 325, 65, 107, 551, 149, 157, 197, 204, 458, 72, 116, 270, 469, 41, 476, 355, 33, 96, 259, 174, 468, 521, 471, 497, 502, 524, 441, 142, 528, 137, 318, 286, 481], "Covered": [512, 1, 2, 3, 4, 513, 514, 520, 521, 12, 524, 15, 16, 1040, 18, 1041, 537, 27, 549, 39, 40, 558, 1071, 561, 60, 61, 572, 574, 64, 1088, 66, 586, 80, 1105, 594, 597, 86, 87, 1109, 1111, 91, 604, 605, 1116, 96, 97, 610, 1126, 105, 1129, 619, 109, 622, 1133, 112, 1138, 117, 118, 119, 120, 629, 122, 1144, 124, 637, 1146, 641, 130, 133, 136, 137, 654, 143, 144, 146, 659, 660, 661, 150, 151, 153, 665, 673, 674, 163, 164, 166, 167, 678, 685, 177, 689, 692, 697, 186, 702, 193, 194, 706, 707, 708, 711, 712, 713, 204, 716, 719, 209, 213, 215, 216, 219, 733, 223, 224, 738, 227, 228, 740, 746, 235, 747, 750, 752, 755, 756, 760, 762, 771, 775, 776, 777, 268, 783, 789, 790, 792, 798, 803, 804, 293, 806, 811, 812, 301, 813, 814, 815, 817, 820, 828, 831, 832, 847, 857, 347, 350, 355, 357, 872, 365, 887, 380, 381, 382, 898, 901, 902, 391, 905, 908, 911, 401, 404, 920, 921, 923, 926, 933, 426, 943, 439, 952, 444, 452, 463, 465, 467, 469, 476, 485, 492, 493, 494, 496, 508], "Objective": -0.4194090797, "MinDist": 238.756}, "2": {"IDs": [320, 206, 413, 209, 566, 286, 162, 125, 33, 599, 409, 369, 387, 128, 423, 610, 442, 174, 1, 582, 191, 490, 142, 613, 279, 308, 562, 330, 377, 392, 453, 19, 272, 542, 149, 116, 65, 325, 266, 533], "Covered": [1, 2, 3, 514, 1028, 1033, 12, 16, 18, 1047, 26, 27, 539, 1062, 39, 551, 1070, 52, 564, 566, 60, 61, 573, 574, 1085, 1087, 1088, 1089, 70, 1095, 1099, 76, 82, 1106, 87, 1114, 97, 611, 614, 1127, 105, 617, 618, 108, 626, 631, 128, 131, 139, 660, 150, 154, 157, 161, 168, 172, 177, 1205, 694, 183, 1207, 1216, 194, 1220, 711, 712, 201, 1224, 204, 716, 720, 209, 210, 1235, 214, 729, 731, 223, 224, 739, 229, 741, 231, 1256, 745, 746, 235, 236, 748, 239, 751, 752, 1265, 760, 762, 769, 774, 778, 268, 781, 784, 785, 788, 794, 796, 798, 801, 293, 806, 299, 300, 813, 817, 821, 823, 824, 827, 833, 835, 836, 842, 844, 851, 342, 345, 350, 357, 871, 872, 365, 879, 881, 884, 887, 376, 377, 891, 380, 381, 893, 896, 391, 905, 911, 401, 404, 405, 920, 921, 411, 926, 929, 931, 936, 426, 946, 947, 949, 950, 439, 443, 445, 463, 470, 479, 485, 494, 504, 1023], "Objective": -0.5312555712, "MinDist": 294.364}, "3": {"IDs": [191, 330, 174, 270, 217, 352, 524, 614, 190, 609, 135, 487, 462, 131, 490, 367, 85, 215, 468, 2, 200, 259, 199, 377, 498, 476, 342, 382, 353, 107, 325, 116, 576, 221, 149, 542, 273, 551, 389, 427], "Covered": [514, 1031, 1035, 12, 524, 526, 527, 16, 528, 18, 530, 531, 1040, 1041, 27, 1053, 544, 545, 546, 1062, 558, 1070, 1074, 565, 567, 572, 61, 577, 581, 585, 78, 1105, 87, 1111, 1114, 604, 1116, 97, 610, 1126, 1129, 1133, 622, 1138, 628, 117, 629, 1146, 128, 641, 130, 131, 133, 136, 139, 654, 146, 660, 661, 150, 153, 154, 157, 161, 674, 678, 167, 168, 682, 172, 177, 180, 694, 183, 1207, 697, 1216, 706, 1220, 712, 201, 713, 1224, 204, 717, 719, 210, 723, 1235, 214, 215, 727, 729, 219, 733, 225, 738, 227, 228, 229, 740, 231, 741, 743, 745, 746, 747, 748, 1256, 239, 240, 751, 753, 755, 756, 245, 758, 1265, 248, 250, 251, 763, 255, 767, 257, 769, 259, 771, 261, 1280, 776, 777, 268, 783, 789, 790, 792, 794, 798, 803, 804, 293, 806, 811, 812, 813, 814, 815, 817, 820, 827, 828, 836, 838, 842, 844, 845, 850, 857, 860, 350, 865, 868, 357, 869, 872, 874, 365, 880, 881, 887, 891, 380, 381, 893, 894, 391, 903, 905, 911, 400, 401, 404, 405, 920, 921, 411, 929, 931, 935, 426, 427, 942, 431, 943, 946, 947, 437, 950, 439, 445, 463, 470, 485, 494, 496, 1023], "Objective": -0.5147373504, "MinDist": 283.473}, "4": {"IDs": [33, 315, 510, 75, 135, 600, 259, 279, 325, 169, 377, 127, 42, 1, 174, 283, 318, 48, 216, 231, 487, 149, 66, 131, 5, 352, 116, 581, 93, 563, 551, 275, 266, 423, 264, 330, 157, 211, 339, 197], "Covered": [512, 1, 3, 4, 1033, 12, 525, 15, 16, 18, 533, 27, 539, 542, 548, 38, 40, 41, 566, 60, 61, 1085, 1087, 64, 1089, 66, 578, 581, 585, 80, 1106, 86, 87, 1114, 91, 96, 97, 611, 614, 105, 617, 112, 628, 117, 118, 631, 122, 124, 637, 130, 131, 144, 659, 148, 660, 150, 153, 154, 665, 161, 673, 163, 167, 168, 172, 177, 689, 692, 697, 186, 187, 188, 702, 191, 192, 193, 706, 707, 712, 204, 205, 717, 1231, 210, 723, 213, 727, 216, 218, 731, 732, 733, 738, 740, 743, 746, 747, 236, 751, 752, 755, 765, 767, 771, 774, 775, 776, 777, 268, 781, 784, 785, 789, 790, 792, 794, 796, 798, 801, 293, 806, 811, 812, 813, 814, 816, 817, 820, 821, 823, 824, 827, 828, 832, 838, 840, 842, 845, 856, 857, 347, 349, 350, 355, 357, 869, 872, 365, 368, 887, 891, 380, 381, 893, 391, 392, 393, 903, 905, 911, 400, 401, 912, 915, 404, 405, 920, 921, 411, 929, 931, 934, 425, 426, 427, 432, 947, 437, 950, 439, 951, 443, 463, 465, 470, 493, 508, 510], "Objective": -0.3950540053, "MinDist": 198.302}, "5": {"IDs": [343, 279, 85, 161, 486, 466, 315, 149, 241, 256, 468, 283, 116, 406, 209, 33, 588, 551, 480, 1, 533, 593, 318, 174, 101, 266, 352, 307, 286, 231, 203, 394, 423, 192, 157, 460, 610, 270, 388, 462], "Covered": [1, 2, 3, 4, 5, 514, 10, 12, 15, 16, 1224, 18, 534, 26, 27, 539, 36, 37, 549, 39, 40, 41, 551, 1070, 52, 564, 566, 1084, 61, 573, 574, 1090, 1095, 586, 587, 1098, 593, 1107, 87, 1115, 605, 96, 97, 608, 609, 616, 105, 108, 620, 623, 626, 1141, 630, 122, 635, 124, 640, 131, 136, 648, 649, 654, 144, 148, 660, 150, 151, 661, 153, 663, 163, 678, 167, 172, 177, 178, 1205, 695, 1207, 186, 187, 699, 191, 1216, 193, 194, 706, 1220, 712, 713, 202, 203, 204, 205, 717, 719, 720, 209, 1235, 213, 727, 216, 218, 733, 734, 223, 224, 738, 739, 1256, 235, 751, 753, 1265, 756, 758, 763, 765, 771, 774, 777, 268, 781, 783, 784, 785, 789, 796, 798, 801, 803, 804, 293, 806, 299, 300, 811, 812, 813, 814, 815, 817, 819, 821, 823, 824, 828, 833, 836, 840, 844, 857, 871, 879, 881, 381, 893, 912, 401, 915, 404, 405, 411, 929, 931, 934, 946, 950, 439, 463, 467, 469, 470, 478, 479, 482, 485, 488, 494, 496, 504, 505, 511], "Objective": -0.3827491184, "MinDist": 137.4}, "6": {"IDs": [20, 286, 446, 382, 11, 174, 266, 305, 142, 55, 104, 576, 439, 356, 599, 135, 189, 204, 177, 318, 157, 373, 401, 149, 569, 116, 484, 275, 591, 121, 73, 597, 533, 498, 352, 249, 330, 388, 551, 493], "Covered": [2, 3, 4, 5, 514, 518, 1031, 521, 1033, 1035, 12, 15, 527, 1021, 18, 531, 1040, 1041, 1047, 27, 539, 1055, 544, 36, 37, 39, 40, 551, 555, 556, 1073, 564, 565, 566, 567, 1077, 570, 1084, 573, 62, 576, 577, 1088, 1090, 69, 581, 585, 586, 587, 588, 1098, 78, 1103, 593, 1105, 596, 597, 1109, 1111, 600, 1114, 1115, 604, 1116, 1118, 96, 608, 610, 1126, 1127, 616, 1129, 618, 619, 620, 1133, 622, 624, 1138, 628, 629, 630, 120, 1144, 122, 1146, 124, 640, 641, 134, 136, 137, 648, 649, 654, 144, 146, 660, 661, 150, 663, 154, 155, 161, 163, 166, 678, 168, 680, 682, 688, 177, 695, 697, 186, 187, 699, 193, 194, 706, 711, 712, 202, 203, 204, 716, 1228, 720, 209, 210, 723, 724, 213, 216, 221, 223, 224, 738, 740, 741, 743, 744, 235, 747, 749, 750, 752, 755, 757, 760, 762, 764, 767, 1281, 770, 771, 774, 268, 785, 794, 798, 293, 806, 811, 812, 301, 813, 814, 817, 822, 827, 828, 831, 832, 345, 857, 349, 869, 874, 368, 880, 376, 382, 897, 898, 899, 901, 909, 401, 404, 919, 926, 929, 931, 938, 427, 432, 437, 439, 952, 444, 463, 470, 479, 485, 494, 496, 504, 509], "Objective": -0.4403493545, "MinDist": 271.622}, "7": {"IDs": [84, 300, 444, 307, 369, 238, 352, 189, 93, 18, 423, 604, 551, 371, 409, 607, 270, 439, 1, 157, 325, 379, 255, 481, 231, 9, 125, 562, 424, 517, 559, 240, 497, 318, 356, 149, 116, 468, 286, 174],