{"1": {"IDs": [486, 328, 325, 209, 551, 39, 352, 461, 149, 119, 157, 133, 14, 443, 174, 517, 163, 406, 47, 275, 338, 270, 610, 116, 128, 321, 309, 318, 188, 111, 418, 239, 33, 91, 266, 61, 217, 262, 423, 588], "Covered": [0, 1, 514, 4, 12, 15, 18, 26, 27, 548, 37, 40, 1070, 52, 60, 1084, 1090, 70, 1095, 1098, 587, 593, 82, 594, 1107, 86, 1115, 1116, 96, 609, 616, 105, 108, 109, 620, 623, 626, 1141, 630, 121, 122, 635, 124, 637, 641, 131, 132, 648, 649, 138, 144, 146, 660, 149, 150, 661, 152, 663, 156, 163, 164, 171, 172, 685, 177, 178, 689, 692, 1205, 695, 1207, 697, 186, 1216, 193, 706, 707, 708, 1220, 712, 713, 202, 1224, 204, 717, 719, 210, 1235, 724, 213, 727, 216, 219, 731, 732, 738, 739, 740, 743, 1256, 233, 747, 749, 1265, 756, 761, 765, 770, 771, 261, 774, 775, 268, 781, 783, 784, 785, 786, 788, 796, 798, 801, 803, 804, 293, 806, 299, 300, 811, 812, 813, 814, 815, 817, 820, 821, 823, 824, 827, 828, 838, 842, 845, 342, 857, 348, 349, 350, 355, 868, 357, 872, 362, 365, 368, 887, 377, 891, 380, 382, 391, 392, 393, 907, 401, 913, 404, 425, 426, 427, 432, 947, 437, 949, 439, 950, 463, 470, 485, 494, 504], "Objective": -0.3970007847, "MinDist": 246.73}, "2": {"IDs": [506, 260, 563, 234, 499, 208, 325, 33, 174, 266, 70, 283, 136, 294, 209, 379, 462, 240, 575, 539, 443, 594, 120, 318, 23, 368, 149, 211, 352, 215, 18, 286, 116, 582, 612, 590, 107, 551, 595, 11], "Covered": [1, 2, 3, 4, 1028, 1029, 1033, 1035, 12, 15, 18, 1047, 537, 26, 27, 542, 38, 39, 40, 554, 1073, 563, 52, 1077, 568, 1084, 1085, 1087, 1088, 1089, 1090, 69, 1095, 1096, 585, 1098, 587, 1099, 593, 594, 1105, 1106, 1107, 1111, 1114, 1115, 1116, 1118, 96, 608, 609, 611, 1121, 614, 1127, 616, 105, 617, 107, 108, 618, 620, 1129, 1131, 626, 628, 1141, 630, 631, 1146, 635, 637, 128, 641, 131, 133, 648, 649, 139, 146, 150, 663, 157, 678, 682, 172, 177, 695, 186, 187, 188, 699, 191, 192, 193, 194, 712, 714, 204, 1228, 718, 209, 721, 723, 724, 729, 219, 732, 223, 224, 736, 738, 740, 229, 745, 235, 236, 747, 748, 749, 240, 751, 755, 245, 248, 250, 251, 766, 255, 257, 769, 259, 770, 771, 774, 776, 777, 268, 780, 781, 784, 785, 790, 792, 798, 800, 293, 806, 808, 811, 812, 813, 814, 817, 820, 310, 828, 838, 840, 842, 844, 845, 847, 856, 345, 346, 857, 858, 350, 351, 868, 357, 365, 881, 372, 885, 887, 376, 379, 380, 893, 894, 386, 900, 391, 910, 401, 404, 923, 929, 931, 934, 426, 946, 949, 439, 951, 952, 444, 472, 474, 481, 483, 503, 1021, 1023], "Objective": -0.3988412527, "MinDist": 246.806}, "3": {"IDs": [579, 398, 276, 286, 345, 134, 538, 374, 362, 98, 437, 464, 483, 602, 279, 214, 392, 211, 266, 519, 205, 443, 238, 459, 91, 260, 294, 420, 64, 213, 536, 79, 215, 157, 61, 379, 607, 352, 503, 568], "Covered": [0, 513, 2, 3, 4, 515, 518, 1029, 520, 1035, 525, 15, 16, 530, 534, 537, 539, 1023, 1053, 542, 1055, 1057, 1058, 548, 37, 38, 39, 40, 549, 551, 555, 1062, 1070, 1073, 1074, 564, 1077, 566, 568, 1081, 572, 61, 573, 1087, 576, 1088, 578, 1089, 581, 1096, 585, 586, 1106, 1109, 87, 1114, 1116, 1118, 96, 97, 1121, 617, 1129, 1131, 628, 631, 121, 122, 1146, 124, 128, 131, 136, 144, 146, 150, 156, 157, 163, 682, 171, 172, 177, 178, 1207, 187, 192, 1216, 194, 706, 1220, 1221, 202, 715, 1228, 718, 1231, 209, 721, 1235, 213, 216, 219, 732, 223, 224, 736, 740, 229, 743, 1256, 233, 746, 235, 747, 240, 752, 754, 755, 245, 758, 248, 760, 250, 251, 761, 763, 766, 255, 257, 259, 774, 776, 777, 780, 781, 784, 785, 790, 792, 800, 293, 808, 820, 310, 822, 824, 827, 828, 833, 835, 836, 838, 842, 845, 850, 851, 856, 857, 347, 860, 349, 871, 872, 364, 876, 879, 885, 887, 381, 893, 905, 907, 911, 913, 919, 920, 921, 927, 929, 931, 935, 936, 427, 942, 945, 949, 467, 469, 479, 482, 489, 505, 1021, 511], "Objective": -0.6794596854, "MinDist": 318.978}, "4": {"IDs": [275, 105, 196, 197, 157, 221, 582, 318, 83, 262, 402, 607, 341, 266, 40, 379, 209, 423, 571, 47, 205, 289, 329, 136, 60, 333, 149, 443, 397, 390, 601, 294, 381, 211, 325, 462, 174, 498, 492, 206], "Covered": [4, 518, 1031, 1035, 12, 15, 527, 1040, 18, 531, 1041, 534, 26, 27, 1053, 1055, 544, 1058, 37, 38, 40, 556, 1070, 1073, 52, 1077, 1081, 570, 60, 1085, 1087, 64, 576, 66, 577, 1088, 1089, 1095, 586, 1099, 588, 1103, 80, 1105, 1106, 596, 597, 86, 1111, 600, 1114, 91, 604, 1116, 96, 610, 611, 614, 1126, 1127, 617, 1128, 619, 108, 109, 622, 1129, 112, 1133, 626, 1135, 1138, 117, 118, 629, 631, 121, 122, 123, 124, 1144, 1146, 641, 131, 134, 136, 138, 654, 144, 146, 150, 154, 155, 156, 163, 166, 168, 170, 171, 172, 688, 177, 178, 1207, 697, 186, 187, 1213, 192, 193, 1216, 1220, 1221, 202, 714, 204, 715, 717, 1228, 721, 210, 723, 1235, 213, 727, 216, 731, 732, 221, 224, 736, 740, 741, 1256, 746, 747, 754, 755, 1267, 757, 759, 763, 774, 778, 268, 780, 781, 784, 785, 791, 796, 800, 801, 293, 807, 808, 819, 820, 823, 824, 833, 835, 836, 838, 844, 845, 850, 349, 350, 355, 357, 869, 874, 365, 879, 368, 880, 881, 887, 377, 380, 893, 382, 894, 895, 901, 391, 393, 905, 911, 401, 913, 404, 919, 920, 921, 929, 931, 935, 425, 426, 427, 942, 432, 946, 437, 949, 439, 951, 490, 496, 1023], "Objective": -0.5435169143, "MinDist": 318.825}, "5": {"IDs": [0, 574, 504, 362, 318, 431, 255, 352, 149, 101, 211, 116, 23, 98, 500, 321, 336, 399, 380, 325, 174, 353, 328, 124, 447, 470, 270, 276, 157, 439, 443, 141, 610, 188, 273, 497, 107, 551, 555, 524], "Covered": [4, 5, 518, 1029, 520, 521, 10, 1035, 12, 525, 15, 16, 528, 18, 530, 1040, 1041, 534, 537, 27, 539, 542, 1055, 36, 37, 38, 548, 40, 555, 1070, 1071, 1073, 563, 1077, 1078, 568, 572, 61, 576, 578, 69, 70, 1096, 1105, 82, 594, 597, 87, 1111, 604, 1116, 1118, 96, 97, 610, 1121, 1123, 1126, 1129, 107, 619, 1131, 622, 1133, 1138, 629, 119, 1144, 121, 122, 1146, 124, 637, 641, 133, 645, 138, 143, 144, 146, 150, 151, 152, 156, 672, 163, 164, 167, 682, 171, 177, 178, 692, 1205, 1207, 697, 186, 187, 192, 193, 1216, 1220, 711, 712, 713, 202, 203, 204, 716, 1224, 719, 1228, 210, 1235, 213, 216, 219, 734, 738, 741, 1256, 749, 1265, 756, 768, 1280, 771, 775, 778, 268, 783, 789, 791, 798, 803, 804, 293, 806, 809, 811, 812, 301, 813, 814, 815, 817, 821, 310, 828, 838, 843, 845, 342, 345, 857, 347, 860, 349, 350, 351, 357, 364, 365, 372, 887, 376, 377, 380, 381, 893, 896, 386, 391, 392, 400, 401, 404, 405, 411, 931, 426, 427, 938, 431, 943, 437, 949, 439, 445, 474, 483, 503, 1021], "Objective": -0.4534982046, "MinDist": 278.479}, "6": {"IDs": [484, 237, 199, 446, 275, 406, 325, 211, 280, 318, 116, 217, 486, 352, 149, 344, 309, 262, 606, 333, 459, 551, 266, 74, 286, 466, 509, 602, 479, 514, 390, 101, 533, 103, 289, 144, 39, 128, 328, 157], "Covered": [1024, 2, 3, 4, 5, 514, 10, 12, 15, 16, 18, 27, 539, 1023, 1057, 1058, 36, 37, 38, 39, 40, 549, 551, 554, 1062, 1074, 563, 564, 566, 568, 60, 61, 573, 1088, 70, 586, 1105, 82, 594, 1109, 86, 87, 1111, 96, 97, 610, 618, 109, 622, 117, 629, 121, 122, 123, 124, 637, 1146, 641, 134, 138, 654, 144, 146, 659, 660, 661, 150, 152, 665, 154, 156, 673, 674, 163, 164, 676, 166, 678, 171, 685, 177, 178, 689, 692, 1207, 1208, 697, 186, 187, 702, 1214, 192, 193, 194, 706, 707, 708, 1221, 712, 202, 203, 204, 715, 716, 718, 1231, 209, 210, 213, 215, 216, 727, 732, 221, 223, 224, 738, 227, 228, 739, 1253, 746, 235, 1261, 754, 758, 762, 763, 771, 261, 774, 775, 778, 785, 788, 791, 798, 806, 807, 299, 300, 811, 812, 813, 814, 817, 820, 821, 828, 832, 833, 835, 836, 342, 857, 349, 350, 357, 869, 365, 879, 368, 377, 891, 380, 381, 894, 895, 902, 391, 905, 911, 920, 921, 933, 426, 427, 938, 942, 432, 947, 437, 950, 951, 459, 463, 465, 467, 469, 470, 472, 473, 478, 479, 481, 482, 485, 493, 494, 496, 504, 505, 508, 511], "Objective": -0.4388557658, "MinDist": 268.704}, "7": {"IDs": [466, 95, 514, 407, 451, 318, 528, 211, 479, 562, 607, 7, 340, 283, 204, 270, 587, 603, 551, 509, 337, 106, 266, 33, 273, 23, 333, 470, 51, 215, 296, 174, 159, 286, 149, 135, 352, 116, 209, 434],